Project_ID,AppUser_ID
7d5b4729-7f20-44e7-9ffd-80a1c33992fa,048c4e1a-004b-11ec-9a03-0242ac130003
8d5b4729-7f20-44e7-9ffd-12b2c33992fe,37396a40-f156-11eb-9a03-02421c130003
7d5b4729-7f20-44e7-9ffd-80a1c33992fa,37396a40-f156-11eb-9a03-02424c130003
8d5b4729-7f20-44e7-9ffd-12b2c33992fe,37396a41-f156-11eb-9a03-03325c130003
0bbbfcaa-1502-433a-959e-8c137176df3d,571355f2-f15a-11eb-9a03-02423c130003
38b8e458-facb-11eb-9a03-0242ac130003,5dd8a190-f15e-11eb-9a03-0242ac130003
7d5b4729-7f20-44e7-9ffd-80a1c33992fa,5f7a0a34-f159-11eb-9a03-02422c130003
8d5b4729-7f20-44e7-9ffd-12b2c33992fe,61ab5abf-7b22-49e3-9732-350cc3e7c707
3472e2a4-facb-11eb-9a03-0242ac130003,61ab5bbf-7b22-49e3-9732-350cc3e7c707
4325840b-291e-4127-981f-47fe2f6039c5,61ab5cbf-7b22-49e3-9732-350cc3e7c707
5ebf1e86-5ac9-4099-9717-c415ca308e81,61ab5dbf-7b22-49e3-9732-350cc3e7c707
6fb43516-fac6-11eb-9a03-0242ac130003,61ab5dbf-7b22-49e3-9732-350cc3e7c707
7b909bae-fac6-11eb-9a03-0242ac130003,61ab5bbf-7b22-49e3-9732-350cc3e7c707
7d5b4729-7f20-44e7-9ffd-80a1c33992fa,37396a40-f156-11eb-9a03-02421c130003
8d5b4729-7f20-44e7-9ffd-12b2c33992fe,61ab5bbf-7b22-49e3-9732-350cc3e7c707
7d5b4729-7f20-44e7-9ffd-80a1c33992fa,37396a41-f156-11eb-9a03-03325c130003
8d5b4729-7f20-44e7-9ffd-12b2c33992fe,61ab5cbf-7b22-49e3-9732-350cc3e7c707
7e702f3c-376b-4b07-ba23-02dd9d1d336d,571355f2-f15a-11eb-9a03-02423c130003
7d5b4729-7f20-44e7-9ffd-80a1c33992fa,571355f2-f15a-11eb-9a03-02423c130003
38b8e458-facb-11eb-9a03-0242ac130003,61ab5bbf-7b22-49e3-9732-350cc3e7c707
8d5b4729-7f20-44e7-9ffd-12b2c33992fe,5f7a0a34-f159-11eb-9a03-02422c130003
8d5b4729-7f20-44e7-9ffd-12b2c33992fe,5dd8a190-f15e-11eb-9a03-0242ac130003
8d5b4729-7f20-44e7-9ffd-12b2c33992fe,571355f2-f15a-11eb-9a03-02423c130003
8d5b4729-7f20-44e7-9ffd-12b2c33992fe,37396a40-f156-11eb-9a03-02424c130003
8d5b4729-7f20-44e7-9ffd-12b2c33992fe,048c4e1a-004b-11ec-9a03-0242ac130003
7d5b4729-7f20-44e7-9ffd-80a1c33992fa,5dd8a190-f15e-11eb-9a03-0242ac130003
7d5b4729-7f20-44e7-9ffd-80a1c33992fa,61ab5abf-7b22-49e3-9732-350cc3e7c707
7d5b4729-7f20-44e7-9ffd-80a1c33992fa,61ab5bbf-7b22-49e3-9732-350cc3e7c707
7d5b4729-7f20-44e7-9ffd-80a1c33992fa,61ab5cbf-7b22-49e3-9732-350cc3e7c707