Project_ID,Index,Coordinate_Latitude,Coordinate_Longitude
4325840b-291e-4127-981f-47fe2f6039c5,1,-30.027533,-51.170163
4325840b-291e-4127-981f-47fe2f6039c5,2,-30.027403,-51.164048
4325840b-291e-4127-981f-47fe2f6039c5,3,-30.021088,-51.164428
4325840b-291e-4127-981f-47fe2f6039c5,4,-30.02185,-51.17079
4325840b-291e-4127-981f-47fe2f6039c5,5,-30.027533,-51.170163
7e702f3c-376b-4b07-ba23-02dd9d1d336d,1,44.831818,-98.166546
7e702f3c-376b-4b07-ba23-02dd9d1d336d,2,44.848856,-97.618554
7e702f3c-376b-4b07-ba23-02dd9d1d336d,3,44.527162,-97.890466
7e702f3c-376b-4b07-ba23-02dd9d1d336d,4,44.831818,-98.166546
5ebf1e86-5ac9-4099-9717-c415ca308e81,1,-30.002347,-51.186482
5ebf1e86-5ac9-4099-9717-c415ca308e81,2,-30.002347,-51.187609
5ebf1e86-5ac9-4099-9717-c415ca308e81,3,-29.999076,-51.186407
5ebf1e86-5ac9-4099-9717-c415ca308e81,4,-29.999661,-51.181912
5ebf1e86-5ac9-4099-9717-c415ca308e81,5,-30.002235,-51.181944
5ebf1e86-5ac9-4099-9717-c415ca308e81,6,-30.002347,-51.186482
6fb43516-fac6-11eb-9a03-0242ac130003,1,28.844126,-101.547859
6fb43516-fac6-11eb-9a03-0242ac130003,2,28.600645,-101.892358
6fb43516-fac6-11eb-9a03-0242ac130003,3,28.250406,-101.480371
6fb43516-fac6-11eb-9a03-0242ac130003,4,28.635609,-100.985986
6fb43516-fac6-11eb-9a03-0242ac130003,5,28.844126,-101.547859
dcb10c85-e1f7-4755-ac9f-3d2a32876011,1,-17.004777,-57.889256
dcb10c85-e1f7-4755-ac9f-3d2a32876011,2,-16.998186,-57.316726
dcb10c85-e1f7-4755-ac9f-3d2a32876011,3,-17.299489,-57.246789
dcb10c85-e1f7-4755-ac9f-3d2a32876011,4,-17.349166,-57.766828
dcb10c85-e1f7-4755-ac9f-3d2a32876011,5,-17.004777,-57.889256
7b909bae-fac6-11eb-9a03-0242ac130003,1,43.490636,-71.393402
7b909bae-fac6-11eb-9a03-0242ac130003,2,43.512183,-71.319324
7b909bae-fac6-11eb-9a03-0242ac130003,3,43.470493,-71.330878
7b909bae-fac6-11eb-9a03-0242ac130003,4,43.469756,-71.382672
7b909bae-fac6-11eb-9a03-0242ac130003,5,43.490636,-71.393402
0bbbfcaa-1502-433a-959e-8c137176df3d,1,43.061404,-72.969282
0bbbfcaa-1502-433a-959e-8c137176df3d,2,43.041597,-72.970426
0bbbfcaa-1502-433a-959e-8c137176df3d,3,43.033223,-72.954376
0bbbfcaa-1502-433a-959e-8c137176df3d,4,43.05853,-72.951296
0bbbfcaa-1502-433a-959e-8c137176df3d,5,43.061404,-72.969282
7fb8af94-fac8-11eb-9a03-0242ac130003,1,42.19783,-71.607108
7fb8af94-fac8-11eb-9a03-0242ac130003,2,42.196235,-71.592223
7fb8af94-fac8-11eb-9a03-0242ac130003,3,42.208386,-71.587728
7fb8af94-fac8-11eb-9a03-0242ac130003,4,42.205203,-71.601264
7fb8af94-fac8-11eb-9a03-0242ac130003,5,42.202835,-71.607555
7fb8af94-fac8-11eb-9a03-0242ac130003,6,42.19783,-71.607108
c4e16e80-fac8-11eb-9a03-0242ac130003,1,21.513227,-102.198314
c4e16e80-fac8-11eb-9a03-0242ac130003,2,21.548402,-102.209822
c4e16e80-fac8-11eb-9a03-0242ac130003,3,21.60108,-102.194298
c4e16e80-fac8-11eb-9a03-0242ac130003,4,21.579783,-102.148199
c4e16e80-fac8-11eb-9a03-0242ac130003,5,21.513227,-102.198314
3472e2a4-facb-11eb-9a03-0242ac130003,1,21.513227,-102.198314
3472e2a4-facb-11eb-9a03-0242ac130003,2,21.548402,-102.209822
3472e2a4-facb-11eb-9a03-0242ac130003,3,21.60108,-102.194298
3472e2a4-facb-11eb-9a03-0242ac130003,4,21.579783,-102.148199
3472e2a4-facb-11eb-9a03-0242ac130003,5,21.513227,-102.198314
3bac6086-facb-11eb-9a03-0242ac130003,1,21.513227,-102.198314
3bac6086-facb-11eb-9a03-0242ac130003,2,21.548402,-102.209822
3bac6086-facb-11eb-9a03-0242ac130003,3,21.60108,-102.194298
3bac6086-facb-11eb-9a03-0242ac130003,4,21.579783,-102.148199
3bac6086-facb-11eb-9a03-0242ac130003,5,21.513227,-102.198314
38b8e458-facb-11eb-9a03-0242ac130003,1,21.513227,-102.198314
38b8e458-facb-11eb-9a03-0242ac130003,2,21.548402,-102.209822
38b8e458-facb-11eb-9a03-0242ac130003,3,21.60108,-102.194298
38b8e458-facb-11eb-9a03-0242ac130003,4,21.579783,-102.148199
38b8e458-facb-11eb-9a03-0242ac130003,5,21.513227,-102.198314
3f6eb980-facb-11eb-9a03-0242ac130003,1,21.513227,-102.198314
3f6eb980-facb-11eb-9a03-0242ac130003,2,21.548402,-102.209822
3f6eb980-facb-11eb-9a03-0242ac130003,3,21.60108,-102.194298
3f6eb980-facb-11eb-9a03-0242ac130003,4,21.579783,-102.148199
3f6eb980-facb-11eb-9a03-0242ac130003,5,21.513227,-102.198314
8d5b4729-7f20-44e7-9ffd-12b2c33992fe,1,-4.088137948,-69.93838155
8d5b4729-7f20-44e7-9ffd-12b2c33992fe,2,-4.088295689,-69.93827543
8d5b4729-7f20-44e7-9ffd-12b2c33992fe,3,-4.088402752,-69.9382562
8d5b4729-7f20-44e7-9ffd-12b2c33992fe,4,-4.088586685,-69.93823428
8d5b4729-7f20-44e7-9ffd-12b2c33992fe,5,-4.088756932,-69.93825927
8d5b4729-7f20-44e7-9ffd-12b2c33992fe,6,-4.088903818,-69.93827734
8d5b4729-7f20-44e7-9ffd-12b2c33992fe,7,-4.088953322,-69.93836845
8d5b4729-7f20-44e7-9ffd-12b2c33992fe,8,-4.088995981,-69.93848299
8d5b4729-7f20-44e7-9ffd-12b2c33992fe,9,-4.089098977,-69.93856445
8d5b4729-7f20-44e7-9ffd-12b2c33992fe,10,-4.089238968,-69.93860594
8d5b4729-7f20-44e7-9ffd-12b2c33992fe,11,-4.089362455,-69.93861707
8d5b4729-7f20-44e7-9ffd-12b2c33992fe,12,-4.089459805,-69.93854406
8d5b4729-7f20-44e7-9ffd-12b2c33992fe,13,-4.089503661,-69.93848065
8d5b4729-7f20-44e7-9ffd-12b2c33992fe,14,-4.089568051,-69.9383469
8d5b4729-7f20-44e7-9ffd-12b2c33992fe,15,-4.089632448,-69.93821314
8d5b4729-7f20-44e7-9ffd-12b2c33992fe,16,-4.089703699,-69.93805592
8d5b4729-7f20-44e7-9ffd-12b2c33992fe,17,-4.08974757,-69.93799248
8d5b4729-7f20-44e7-9ffd-12b2c33992fe,18,-4.089844952,-69.93791943
8d5b4729-7f20-44e7-9ffd-12b2c33992fe,19,-4.089958815,-69.93787676
8d5b4729-7f20-44e7-9ffd-12b2c33992fe,20,-4.090072677,-69.9378341
8d5b4729-7f20-44e7-9ffd-12b2c33992fe,21,-4.090179686,-69.93781488
8d5b4729-7f20-44e7-9ffd-12b2c33992fe,22,-4.090296308,-69.9378495
8d5b4729-7f20-44e7-9ffd-12b2c33992fe,23,-4.090436239,-69.93789103
8d5b4729-7f20-44e7-9ffd-12b2c33992fe,24,-4.090543227,-69.93787182
8d5b4729-7f20-44e7-9ffd-12b2c33992fe,25,-4.09059672,-69.93786221
8d5b4729-7f20-44e7-9ffd-12b2c33992fe,26,-4.090743478,-69.93788029
8d5b4729-7f20-44e7-9ffd-12b2c33992fe,27,-4.090829878,-69.93793143
8d5b4729-7f20-44e7-9ffd-12b2c33992fe,28,-4.090902552,-69.93802945
8d5b4729-7f20-44e7-9ffd-12b2c33992fe,29,-4.090975216,-69.93812745
8d5b4729-7f20-44e7-9ffd-12b2c33992fe,30,-4.091064315,-69.93825579
8d5b4729-7f20-44e7-9ffd-12b2c33992fe,31,-4.091150673,-69.93830689
8d5b4729-7f20-44e7-9ffd-12b2c33992fe,32,-4.09121372,-69.93835107
8d5b4729-7f20-44e7-9ffd-12b2c33992fe,33,-4.091376821,-69.93839947
8d5b4729-7f20-44e7-9ffd-12b2c33992fe,34,-4.091500169,-69.9384106
8d5b4729-7f20-44e7-9ffd-12b2c33992fe,35,-4.091574215,-69.9383307
8d5b4729-7f20-44e7-9ffd-12b2c33992fe,36,-4.091631832,-69.93822044
8d5b4729-7f20-44e7-9ffd-12b2c33992fe,37,-4.091673024,-69.93807982
8d5b4729-7f20-44e7-9ffd-12b2c33992fe,38,-4.091700488,-69.93798606
8d5b4729-7f20-44e7-9ffd-12b2c33992fe,39,-4.091734821,-69.93786885
8d5b4729-7f20-44e7-9ffd-12b2c33992fe,40,-4.091752726,-69.93772126
8d5b4729-7f20-44e7-9ffd-12b2c33992fe,41,-4.09174316,-69.93766744
8d5b4729-7f20-44e7-9ffd-12b2c33992fe,42,-4.09162394,-69.93755554
8d5b4729-7f20-44e7-9ffd-12b2c33992fe,43,-4.091544447,-69.93748094
8d5b4729-7f20-44e7-9ffd-12b2c33992fe,44,-4.09147181,-69.93738286
8d5b4729-7f20-44e7-9ffd-12b2c33992fe,45,-4.091499277,-69.93728903
8d5b4729-7f20-44e7-9ffd-12b2c33992fe,46,-4.091540483,-69.93714826
8d5b4729-7f20-44e7-9ffd-12b2c33992fe,47,-4.091607713,-69.93709173
8d5b4729-7f20-44e7-9ffd-12b2c33992fe,48,-4.091698256,-69.93704213
8d5b4729-7f20-44e7-9ffd-12b2c33992fe,49,-4.09181211,-69.93699947
8d5b4729-7f20-44e7-9ffd-12b2c33992fe,50,-4.091965707,-69.93699413
8d5b4729-7f20-44e7-9ffd-12b2c33992fe,51,-4.092072681,-69.93697493
8d5b4729-7f20-44e7-9ffd-12b2c33992fe,52,-4.092209831,-69.9369392
8d5b4729-7f20-44e7-9ffd-12b2c33992fe,53,-4.092267515,-69.9368288
8d5b4729-7f20-44e7-9ffd-12b2c33992fe,54,-4.09228547,-69.93668106
8d5b4729-7f20-44e7-9ffd-12b2c33992fe,55,-4.092306102,-69.93661065
8d5b4729-7f20-44e7-9ffd-12b2c33992fe,56,-4.092480333,-69.93653491
8d5b4729-7f20-44e7-9ffd-12b2c33992fe,57,-4.092561345,-69.93643141
8d5b4729-7f20-44e7-9ffd-12b2c33992fe,58,-4.09252583,-69.93629321
8d5b4729-7f20-44e7-9ffd-12b2c33992fe,59,-4.092530046,-69.93619235
8d5b4729-7f20-44e7-9ffd-12b2c33992fe,60,-4.092557574,-69.93609843
8d5b4729-7f20-44e7-9ffd-12b2c33992fe,61,-4.092655033,-69.93602532
8d5b4729-7f20-44e7-9ffd-12b2c33992fe,62,-4.092738727,-69.93599919
8d5b4729-7f20-44e7-9ffd-12b2c33992fe,63,-4.09282242,-69.93597305
8d5b4729-7f20-44e7-9ffd-12b2c33992fe,64,-4.092950078,-69.9358834
8d5b4729-7f20-44e7-9ffd-12b2c33992fe,65,-4.093007821,-69.93577291
8d5b4729-7f20-44e7-9ffd-12b2c33992fe,66,-4.093051793,-69.93570939
8d5b4729-7f20-44e7-9ffd-12b2c33992fe,67,-4.093086237,-69.93559194
8d5b4729-7f20-44e7-9ffd-12b2c33992fe,68,-4.093143995,-69.93548142
8d5b4729-7f20-44e7-9ffd-12b2c33992fe,69,-4.093255267,-69.9353613
8d5b4729-7f20-44e7-9ffd-12b2c33992fe,70,-4.093306145,-69.93527426
8d5b4729-7f20-44e7-9ffd-12b2c33992fe,71,-4.093370814,-69.93514021
8d5b4729-7f20-44e7-9ffd-12b2c33992fe,72,-4.093335352,-69.93500182
8d5b4729-7f20-44e7-9ffd-12b2c33992fe,73,-4.093235207,-69.9349975
8d5b4729-7f20-44e7-9ffd-12b2c33992fe,74,-4.093097958,-69.93503323
8d5b4729-7f20-44e7-9ffd-12b2c33992fe,75,-4.092990911,-69.93505241
8d5b4729-7f20-44e7-9ffd-12b2c33992fe,76,-4.09291142,-69.93497757
8d5b4729-7f20-44e7-9ffd-12b2c33992fe,77,-4.092892341,-69.93486961
8d5b4729-7f20-44e7-9ffd-12b2c33992fe,78,-4.09288969,-69.93479211
8d5b4729-7f20-44e7-9ffd-12b2c33992fe,79,-4.09283085,-69.93464668
8d5b4729-7f20-44e7-9ffd-12b2c33992fe,80,-4.092758217,-69.93454827
8d5b4729-7f20-44e7-9ffd-12b2c33992fe,81,-4.092674454,-69.93457441
8d5b4729-7f20-44e7-9ffd-12b2c33992fe,82,-4.092570026,-69.93467112
8d5b4729-7f20-44e7-9ffd-12b2c33992fe,83,-4.092495819,-69.93475127
8d5b4729-7f20-44e7-9ffd-12b2c33992fe,84,-4.092482045,-69.9347983
8d5b4729-7f20-44e7-9ffd-12b2c33992fe,85,-4.092387189,-69.93494898
8d5b4729-7f20-44e7-9ffd-12b2c33992fe,86,-4.092373419,-69.93499601
8d5b4729-7f20-44e7-9ffd-12b2c33992fe,87,-4.092301904,-69.93515362
8d5b4729-7f20-44e7-9ffd-12b2c33992fe,88,-4.092267489,-69.93527116
8d5b4729-7f20-44e7-9ffd-12b2c33992fe,89,-4.092219315,-69.93543568
8d5b4729-7f20-44e7-9ffd-12b2c33992fe,90,-4.09218491,-69.93555318
8d5b4729-7f20-44e7-9ffd-12b2c33992fe,91,-4.09212987,-69.93574116
8d5b4729-7f20-44e7-9ffd-12b2c33992fe,92,-4.092015946,-69.93578385
8d5b4729-7f20-44e7-9ffd-12b2c33992fe,93,-4.091922651,-69.93575605
8d5b4729-7f20-44e7-9ffd-12b2c33992fe,94,-4.091782694,-69.93571435
8d5b4729-7f20-44e7-9ffd-12b2c33992fe,95,-4.091696255,-69.93566305
8d5b4729-7f20-44e7-9ffd-12b2c33992fe,96,-4.091586476,-69.93560479
8d5b4729-7f20-44e7-9ffd-12b2c33992fe,97,-4.091493144,-69.93557698
8d5b4729-7f20-44e7-9ffd-12b2c33992fe,98,-4.091376468,-69.93554222
8d5b4729-7f20-44e7-9ffd-12b2c33992fe,99,-4.09125978,-69.93550745
8d5b4729-7f20-44e7-9ffd-12b2c33992fe,100,-4.091145809,-69.93555015
8d5b4729-7f20-44e7-9ffd-12b2c33992fe,101,-4.090978285,-69.93560245
8d5b4729-7f20-44e7-9ffd-12b2c33992fe,102,-4.090836842,-69.93573917
8d5b4729-7f20-44e7-9ffd-12b2c33992fe,103,-4.090732484,-69.93583582
8d5b4729-7f20-44e7-9ffd-12b2c33992fe,104,-4.090676183,-69.93576797
8d5b4729-7f20-44e7-9ffd-12b2c33992fe,105,-4.090617123,-69.93562263
8d5b4729-7f20-44e7-9ffd-12b2c33992fe,106,-4.090551187,-69.93550078
8d5b4729-7f20-44e7-9ffd-12b2c33992fe,107,-4.090448157,-69.93541898
8d5b4729-7f20-44e7-9ffd-12b2c33992fe,108,-4.090422041,-69.93533452
8d5b4729-7f20-44e7-9ffd-12b2c33992fe,109,-4.090456364,-69.93521694
8d5b4729-7f20-44e7-9ffd-12b2c33992fe,110,-4.090460469,-69.9351159
8d5b4729-7f20-44e7-9ffd-12b2c33992fe,111,-4.090494798,-69.93499829
8d5b4729-7f20-44e7-9ffd-12b2c33992fe,112,-4.090492039,-69.93492075
8d5b4729-7f20-44e7-9ffd-12b2c33992fe,113,-4.090503013,-69.93479615
8d5b4729-7f20-44e7-9ffd-12b2c33992fe,114,-4.090490626,-69.93466457
8d5b4729-7f20-44e7-9ffd-12b2c33992fe,115,-4.09047137,-69.9345565
8d5b4729-7f20-44e7-9ffd-12b2c33992fe,116,-4.090498842,-69.93446236
8d5b4729-7f20-44e7-9ffd-12b2c33992fe,117,-4.090509819,-69.9343377
8d5b4729-7f20-44e7-9ffd-12b2c33992fe,118,-4.090544166,-69.93421999
8d5b4729-7f20-44e7-9ffd-12b2c33992fe,119,-4.090571646,-69.93412581
8d5b4729-7f20-44e7-9ffd-12b2c33992fe,120,-4.09058263,-69.93400111
8d5b4729-7f20-44e7-9ffd-12b2c33992fe,121,-4.090603244,-69.93393046
8d5b4729-7f20-44e7-9ffd-12b2c33992fe,122,-4.090567487,-69.93379177
8d5b4729-7f20-44e7-9ffd-12b2c33992fe,123,-4.090511108,-69.93372372
8d5b4729-7f20-44e7-9ffd-12b2c33992fe,124,-4.090464358,-69.93370976
8d5b4729-7f20-44e7-9ffd-12b2c33992fe,125,-4.090363981,-69.93370539
8d5b4729-7f20-44e7-9ffd-12b2c33992fe,126,-4.090212746,-69.93378826
8d5b4729-7f20-44e7-9ffd-12b2c33992fe,127,-4.090054647,-69.93389469
8d5b4729-7f20-44e7-9ffd-12b2c33992fe,128,-4.089963909,-69.93394442
8d5b4729-7f20-44e7-9ffd-12b2c33992fe,129,-4.089838854,-69.93411189
8d5b4729-7f20-44e7-9ffd-12b2c33992fe,130,-4.089741261,-69.93418516
8d5b4729-7f20-44e7-9ffd-12b2c33992fe,131,-4.089668317,-69.93408661
8d5b4729-7f20-44e7-9ffd-12b2c33992fe,132,-4.089595362,-69.93398804
8d5b4729-7f20-44e7-9ffd-12b2c33992fe,133,-4.089589757,-69.93383274
8d5b4729-7f20-44e7-9ffd-12b2c33992fe,134,-4.089584151,-69.93367741
8d5b4729-7f20-44e7-9ffd-12b2c33992fe,135,-4.089564819,-69.93356919
8d5b4729-7f20-44e7-9ffd-12b2c33992fe,136,-4.08955921,-69.93341382
8d5b4729-7f20-44e7-9ffd-12b2c33992fe,137,-4.089570132,-69.93328897
8d5b4729-7f20-44e7-9ffd-12b2c33992fe,138,-4.08958386,-69.93324183
8d5b4729-7f20-44e7-9ffd-12b2c33992fe,139,-4.089671841,-69.93311436
8d5b4729-7f20-44e7-9ffd-12b2c33992fe,140,-4.089699304,-69.93302005
8d5b4729-7f20-44e7-9ffd-12b2c33992fe,141,-4.089733637,-69.93290216
8d5b4729-7f20-44e7-9ffd-12b2c33992fe,142,-4.089737706,-69.93280083
8d5b4729-7f20-44e7-9ffd-12b2c33992fe,143,-4.089778913,-69.93265932
8d5b4729-7f20-44e7-9ffd-12b2c33992fe,144,-4.089776117,-69.93258156
8d5b4729-7f20-44e7-9ffd-12b2c33992fe,145,-4.089817331,-69.93244002
8d5b4729-7f20-44e7-9ffd-12b2c33992fe,146,-4.089788336,-69.93227745
8d5b4729-7f20-44e7-9ffd-12b2c33992fe,147,-4.089711247,-69.93228004
8d5b4729-7f20-44e7-9ffd-12b2c33992fe,148,-4.089657563,-69.93228963
8d5b4729-7f20-44e7-9ffd-12b2c33992fe,149,-4.089566735,-69.93233941
8d5b4729-7f20-44e7-9ffd-12b2c33992fe,150,-4.089452497,-69.93238219
8d5b4729-7f20-44e7-9ffd-12b2c33992fe,151,-4.089331394,-69.93244856
8d5b4729-7f20-44e7-9ffd-12b2c33992fe,152,-4.089217155,-69.93249134
8d5b4729-7f20-44e7-9ffd-12b2c33992fe,153,-4.089119466,-69.93256472
8d5b4729-7f20-44e7-9ffd-12b2c33992fe,154,-4.088984645,-69.93267828
8d5b4729-7f20-44e7-9ffd-12b2c33992fe,155,-4.088920073,-69.93281282
8d5b4729-7f20-44e7-9ffd-12b2c33992fe,156,-4.08887892,-69.93295434
8d5b4729-7f20-44e7-9ffd-12b2c33992fe,157,-4.088898309,-69.93306266
8d5b4729-7f20-44e7-9ffd-12b2c33992fe,158,-4.088927388,-69.93322511
8d5b4729-7f20-44e7-9ffd-12b2c33992fe,159,-4.088930222,-69.93330283
8d5b4729-7f20-44e7-9ffd-12b2c33992fe,160,-4.088975839,-69.9334958
8d5b4729-7f20-44e7-9ffd-12b2c33992fe,161,-4.088974645,-69.93367475
8d5b4729-7f20-44e7-9ffd-12b2c33992fe,162,-4.088994019,-69.93378297
8d5b4729-7f20-44e7-9ffd-12b2c33992fe,163,-4.089060183,-69.93390515
8d5b4729-7f20-44e7-9ffd-12b2c33992fe,164,-4.089072692,-69.9340369
8d5b4729-7f20-44e7-9ffd-12b2c33992fe,165,-4.089115447,-69.93415205
8d5b4729-7f20-44e7-9ffd-12b2c33992fe,166,-4.089127949,-69.93428376
8d5b4729-7f20-44e7-9ffd-12b2c33992fe,167,-4.08914045,-69.93441545
8d5b4729-7f20-44e7-9ffd-12b2c33992fe,168,-4.089143272,-69.93449306
8d5b4729-7f20-44e7-9ffd-12b2c33992fe,169,-4.089129563,-69.93454015
8d5b4729-7f20-44e7-9ffd-12b2c33992fe,170,-4.089104969,-69.93471191
8d5b4729-7f20-44e7-9ffd-12b2c33992fe,171,-4.089127144,-69.93489757
8d5b4729-7f20-44e7-9ffd-12b2c33992fe,172,-4.089113438,-69.93494464
8d5b4729-7f20-44e7-9ffd-12b2c33992fe,173,-4.089013057,-69.9349403
8d5b4729-7f20-44e7-9ffd-12b2c33992fe,174,-4.088912671,-69.93493597
8d5b4729-7f20-44e7-9ffd-12b2c33992fe,175,-4.088742118,-69.93491074
8d5b4729-7f20-44e7-9ffd-12b2c33992fe,176,-4.088618325,-69.93489944
8d5b4729-7f20-44e7-9ffd-12b2c33992fe,177,-4.088464283,-69.9349047
8d5b4729-7f20-44e7-9ffd-12b2c33992fe,178,-4.088410651,-69.93491431
8d5b4729-7f20-44e7-9ffd-12b2c33992fe,179,-4.088329638,-69.93501806
8d5b4729-7f20-44e7-9ffd-12b2c33992fe,180,-4.088258335,-69.93517583
8d5b4729-7f20-44e7-9ffd-12b2c33992fe,181,-4.088217276,-69.93531702
8d5b4729-7f20-44e7-9ffd-12b2c33992fe,182,-4.088169382,-69.93548171
8d5b4729-7f20-44e7-9ffd-12b2c33992fe,183,-4.088055298,-69.93552444
8d5b4729-7f20-44e7-9ffd-12b2c33992fe,184,-4.08792466,-69.93553669
8d5b4729-7f20-44e7-9ffd-12b2c33992fe,185,-4.087800853,-69.93552542
8d5b4729-7f20-44e7-9ffd-12b2c33992fe,186,-4.087646801,-69.93553071
8d5b4729-7f20-44e7-9ffd-12b2c33992fe,187,-4.087479069,-69.93558305
8d5b4729-7f20-44e7-9ffd-12b2c33992fe,188,-4.087381535,-69.93565628
8d5b4729-7f20-44e7-9ffd-12b2c33992fe,189,-4.0873045,-69.93565892
8d5b4729-7f20-44e7-9ffd-12b2c33992fe,190,-4.087224554,-69.93558403
8d5b4729-7f20-44e7-9ffd-12b2c33992fe,191,-4.087128023,-69.93547863
8d5b4729-7f20-44e7-9ffd-12b2c33992fe,192,-4.087054885,-69.93538017
8d5b4729-7f20-44e7-9ffd-12b2c33992fe,193,-4.086937834,-69.93534535
8d5b4729-7f20-44e7-9ffd-12b2c33992fe,194,-4.08681004,-69.93543517
8d5b4729-7f20-44e7-9ffd-12b2c33992fe,195,-4.086752487,-69.93554588
8d5b4729-7f20-44e7-9ffd-12b2c33992fe,196,-4.086725179,-69.93564
8d5b4729-7f20-44e7-9ffd-12b2c33992fe,197,-4.086751519,-69.93572451
8d5b4729-7f20-44e7-9ffd-12b2c33992fe,198,-4.086804191,-69.9358935
8d5b4729-7f20-44e7-9ffd-12b2c33992fe,199,-4.0868471,-69.93600846
8d5b4729-7f20-44e7-9ffd-12b2c33992fe,200,-4.086883176,-69.93614692
8d5b4729-7f20-44e7-9ffd-12b2c33992fe,201,-4.086979697,-69.93625222
8d5b4729-7f20-44e7-9ffd-12b2c33992fe,202,-4.087036236,-69.9363201
8d5b4729-7f20-44e7-9ffd-12b2c33992fe,203,-4.087146387,-69.93637837
8d5b4729-7f20-44e7-9ffd-12b2c33992fe,204,-4.087219474,-69.93647669
8d5b4729-7f20-44e7-9ffd-12b2c33992fe,205,-4.087255504,-69.93661505
8d5b4729-7f20-44e7-9ffd-12b2c33992fe,206,-4.08725158,-69.936716
8d5b4729-7f20-44e7-9ffd-12b2c33992fe,207,-4.08724083,-69.93684044
8d5b4729-7f20-44e7-9ffd-12b2c33992fe,208,-4.08723008,-69.93696486
8d5b4729-7f20-44e7-9ffd-12b2c33992fe,209,-4.087202775,-69.93705883
8d5b4729-7f20-44e7-9ffd-12b2c33992fe,210,-4.087161821,-69.93719977
8d5b4729-7f20-44e7-9ffd-12b2c33992fe,211,-4.087127697,-69.9373172
8d5b4729-7f20-44e7-9ffd-12b2c33992fe,212,-4.087086754,-69.93745811
8d5b4729-7f20-44e7-9ffd-12b2c33992fe,213,-4.087029258,-69.93756858
8d5b4729-7f20-44e7-9ffd-12b2c33992fe,214,-4.086995148,-69.93768598
8d5b4729-7f20-44e7-9ffd-12b2c33992fe,215,-4.086914284,-69.93778949
8d5b4729-7f20-44e7-9ffd-12b2c33992fe,216,-4.086797381,-69.93775484
8d5b4729-7f20-44e7-9ffd-12b2c33992fe,217,-4.086650264,-69.93773673
8d5b4729-7f20-44e7-9ffd-12b2c33992fe,218,-4.086543089,-69.93775596
8d5b4729-7f20-44e7-9ffd-12b2c33992fe,219,-4.086469051,-69.93783601
8d5b4729-7f20-44e7-9ffd-12b2c33992fe,220,-4.08637163,-69.93790912
8d5b4729-7f20-44e7-9ffd-12b2c33992fe,221,-4.086344372,-69.93800302
8d5b4729-7f20-44e7-9ffd-12b2c33992fe,222,-4.086310303,-69.93812038
8d5b4729-7f20-44e7-9ffd-12b2c33992fe,223,-4.086292809,-69.93826812
8d5b4729-7f20-44e7-9ffd-12b2c33992fe,224,-4.086342517,-69.93835929
8d5b4729-7f20-44e7-9ffd-12b2c33992fe,225,-4.086429224,-69.93841045
8d5b4729-7f20-44e7-9ffd-12b2c33992fe,226,-4.086546113,-69.93844506
8d5b4729-7f20-44e7-9ffd-12b2c33992fe,227,-4.086653247,-69.93842582
8d5b4729-7f20-44e7-9ffd-12b2c33992fe,228,-4.08674382,-69.93837621
8d5b4729-7f20-44e7-9ffd-12b2c33992fe,229,-4.086864584,-69.93831005
8d5b4729-7f20-44e7-9ffd-12b2c33992fe,230,-4.087008721,-69.93825081
8d5b4729-7f20-44e7-9ffd-12b2c33992fe,231,-4.087102204,-69.93827851
8d5b4729-7f20-44e7-9ffd-12b2c33992fe,232,-4.087249235,-69.93829658
8d5b4729-7f20-44e7-9ffd-12b2c33992fe,233,-4.0873427,-69.93832427
8d5b4729-7f20-44e7-9ffd-12b2c33992fe,234,-4.08742251,-69.93839887
8d5b4729-7f20-44e7-9ffd-12b2c33992fe,235,-4.08752567,-69.93848039
8d5b4729-7f20-44e7-9ffd-12b2c33992fe,236,-4.08763564,-69.93853843
8d5b4729-7f20-44e7-9ffd-12b2c33992fe,237,-4.087729066,-69.93856611
8d5b4729-7f20-44e7-9ffd-12b2c33992fe,238,-4.087829311,-69.93857033
8d5b4729-7f20-44e7-9ffd-12b2c33992fe,239,-4.087936378,-69.9385511
8d5b4729-7f20-44e7-9ffd-12b2c33992fe,240,-4.088036611,-69.93855532
8d5b4729-7f20-44e7-9ffd-12b2c33992fe,241,-4.088059962,-69.93856223
8d5b4729-7f20-44e7-9ffd-12b2c33992fe,242,-4.088137948,-69.93838155
7d5b4729-7f20-44e7-9ffd-80a1c33992fa,1,-4.156618228,-69.94343513
7d5b4729-7f20-44e7-9ffd-80a1c33992fa,2,-4.156522006,-69.94358992
7d5b4729-7f20-44e7-9ffd-80a1c33992fa,3,-4.156488755,-69.943695
7d5b4729-7f20-44e7-9ffd-80a1c33992fa,4,-4.156448854,-69.94382109
7d5b4729-7f20-44e7-9ffd-80a1c33992fa,5,-4.156415602,-69.94392616
7d5b4729-7f20-44e7-9ffd-80a1c33992fa,6,-4.156347514,-69.94406667
7d5b4729-7f20-44e7-9ffd-80a1c33992fa,7,-4.156256267,-69.94413094
7d5b4729-7f20-44e7-9ffd-80a1c33992fa,8,-4.156128476,-69.94416103
7d5b4729-7f20-44e7-9ffd-80a1c33992fa,9,-4.1560155,-69.94421878
7d5b4729-7f20-44e7-9ffd-80a1c33992fa,10,-4.155945659,-69.94428977
7d5b4729-7f20-44e7-9ffd-80a1c33992fa,11,-4.15587579,-69.94436079
7d5b4729-7f20-44e7-9ffd-80a1c33992fa,12,-4.15582752,-69.94443841
7d5b4729-7f20-44e7-9ffd-80a1c33992fa,13,-4.155772579,-69.9445371
7d5b4729-7f20-44e7-9ffd-80a1c33992fa,14,-4.155730953,-69.9445937
7d5b4729-7f20-44e7-9ffd-80a1c33992fa,15,-4.155604367,-69.94469381
7d5b4729-7f20-44e7-9ffd-80a1c33992fa,16,-4.155527702,-69.94478604
7d5b4729-7f20-44e7-9ffd-80a1c33992fa,17,-4.155464344,-69.94483616
7d5b4729-7f20-44e7-9ffd-80a1c33992fa,18,-4.155352583,-69.94496406
7d5b4729-7f20-44e7-9ffd-80a1c33992fa,19,-4.155254103,-69.94504988
7d5b4729-7f20-44e7-9ffd-80a1c33992fa,20,-4.155190642,-69.94510008
7d5b4729-7f20-44e7-9ffd-80a1c33992fa,21,-4.155100453,-69.94523468
7d5b4729-7f20-44e7-9ffd-80a1c33992fa,22,-4.155087102,-69.94527687
7d5b4729-7f20-44e7-9ffd-80a1c33992fa,23,-4.155103876,-69.94537425
7d5b4729-7f20-44e7-9ffd-80a1c33992fa,24,-4.155100623,-69.94553484
7d5b4729-7f20-44e7-9ffd-80a1c33992fa,25,-4.155052196,-69.94561271
7d5b4729-7f20-44e7-9ffd-80a1c33992fa,26,-4.154982013,-69.94568412
7d5b4729-7f20-44e7-9ffd-80a1c33992fa,27,-4.154955313,-69.94576849
7d5b4729-7f20-44e7-9ffd-80a1c33992fa,28,-4.154908586,-69.94591614
7d5b4729-7f20-44e7-9ffd-80a1c33992fa,29,-4.154912045,-69.94605556
7d5b4729-7f20-44e7-9ffd-80a1c33992fa,30,-4.154979,-69.94614451
7d5b4729-7f20-44e7-9ffd-80a1c33992fa,31,-4.15505924,-69.94619126
7d5b4729-7f20-44e7-9ffd-80a1c33992fa,32,-4.155167784,-69.94622332
7d5b4729-7f20-44e7-9ffd-80a1c33992fa,33,-4.155246186,-69.94620042
7d5b4729-7f20-44e7-9ffd-80a1c33992fa,34,-4.155337866,-69.94613545
7d5b4729-7f20-44e7-9ffd-80a1c33992fa,35,-4.155344528,-69.9461144
7d5b4729-7f20-44e7-9ffd-80a1c33992fa,36,-4.155449471,-69.94600738
7d5b4729-7f20-44e7-9ffd-80a1c33992fa,37,-4.155519398,-69.94593607
7d5b4729-7f20-44e7-9ffd-80a1c33992fa,38,-4.155559347,-69.94580984
7d5b4729-7f20-44e7-9ffd-80a1c33992fa,39,-4.155620926,-69.94569006
7d5b4729-7f20-44e7-9ffd-80a1c33992fa,40,-4.155662523,-69.94563341
7d5b4729-7f20-44e7-9ffd-80a1c33992fa,41,-4.155739036,-69.94554117
7d5b4729-7f20-44e7-9ffd-80a1c33992fa,42,-4.155785624,-69.94539396
7d5b4729-7f20-44e7-9ffd-80a1c33992fa,43,-4.155774044,-69.94520622
7d5b4729-7f20-44e7-9ffd-80a1c33992fa,44,-4.155837231,-69.94515612
7d5b4729-7f20-44e7-9ffd-80a1c33992fa,45,-4.155936917,-69.94514008
7d5b4729-7f20-44e7-9ffd-80a1c33992fa,46,-4.156066352,-69.94517907
7d5b4729-7f20-44e7-9ffd-80a1c33992fa,47,-4.1561741,-69.94521152
7d5b4729-7f20-44e7-9ffd-80a1c33992fa,48,-4.156324771,-69.94525691
7d5b4729-7f20-44e7-9ffd-80a1c33992fa,49,-4.156404137,-69.9453038
7d5b4729-7f20-44e7-9ffd-80a1c33992fa,50,-4.156476806,-69.94537162
7d5b4729-7f20-44e7-9ffd-80a1c33992fa,51,-4.156542785,-69.94546035
7d5b4729-7f20-44e7-9ffd-80a1c33992fa,52,-4.156537713,-69.94555064
7d5b4729-7f20-44e7-9ffd-80a1c33992fa,53,-4.156598562,-69.9457295
7d5b4729-7f20-44e7-9ffd-80a1c33992fa,54,-4.156595044,-69.94588897
7d5b4729-7f20-44e7-9ffd-80a1c33992fa,55,-4.156604782,-69.94600649
7d5b4729-7f20-44e7-9ffd-80a1c33992fa,56,-4.156579829,-69.94615947
7d5b4729-7f20-44e7-9ffd-80a1c33992fa,57,-4.156541628,-69.9463543
7d5b4729-7f20-44e7-9ffd-80a1c33992fa,58,-4.156515122,-69.94643805
7d5b4729-7f20-44e7-9ffd-80a1c33992fa,59,-4.156396178,-69.94651738
7d5b4729-7f20-44e7-9ffd-80a1c33992fa,60,-4.156333356,-69.94656754
7d5b4729-7f20-44e7-9ffd-80a1c33992fa,61,-4.156285358,-69.94664501
7d5b4729-7f20-44e7-9ffd-80a1c33992fa,62,-4.156195967,-69.94677904
7d5b4729-7f20-44e7-9ffd-80a1c33992fa,63,-4.156176071,-69.94684192
7d5b4729-7f20-44e7-9ffd-80a1c33992fa,64,-4.15622064,-69.94692372
7d5b4729-7f20-44e7-9ffd-80a1c33992fa,65,-4.156258556,-69.94702641
7d5b4729-7f20-44e7-9ffd-80a1c33992fa,66,-4.156298032,-69.94719814
7d5b4729-7f20-44e7-9ffd-80a1c33992fa,67,-4.156344102,-69.94734882
7d5b4729-7f20-44e7-9ffd-80a1c33992fa,68,-4.156424809,-69.94746377
7d5b4729-7f20-44e7-9ffd-80a1c33992fa,69,-4.156525289,-69.94751589
7d5b4729-7f20-44e7-9ffd-80a1c33992fa,70,-4.156610895,-69.94754083
7d5b4729-7f20-44e7-9ffd-80a1c33992fa,71,-4.156724421,-69.94755108
7d5b4729-7f20-44e7-9ffd-80a1c33992fa,72,-4.156851052,-69.94751957
7d5b4729-7f20-44e7-9ffd-80a1c33992fa,73,-4.156962838,-69.94746098
7d5b4729-7f20-44e7-9ffd-80a1c33992fa,74,-4.157059827,-69.94737533
7d5b4729-7f20-44e7-9ffd-80a1c33992fa,75,-4.15715676,-69.94728973
7d5b4729-7f20-44e7-9ffd-80a1c33992fa,76,-4.15726172,-69.94725214
7d5b4729-7f20-44e7-9ffd-80a1c33992fa,77,-4.157346811,-69.94727711
7d5b4729-7f20-44e7-9ffd-80a1c33992fa,78,-4.157418648,-69.94734374
7d5b4729-7f20-44e7-9ffd-80a1c33992fa,79,-4.157505072,-69.94743736
7d5b4729-7f20-44e7-9ffd-80a1c33992fa,80,-4.157603138,-69.9474206
7d5b4729-7f20-44e7-9ffd-80a1c33992fa,81,-4.157678489,-69.94732896
7d5b4729-7f20-44e7-9ffd-80a1c33992fa,82,-4.157775,-69.94724359
7d5b4729-7f20-44e7-9ffd-80a1c33992fa,83,-4.157856865,-69.94713123
7d5b4729-7f20-44e7-9ffd-80a1c33992fa,84,-4.157896365,-69.9470064
7d5b4729-7f20-44e7-9ffd-80a1c33992fa,85,-4.157922698,-69.94692318
7d5b4729-7f20-44e7-9ffd-80a1c33992fa,86,-4.157906692,-69.94682742
7d5b4729-7f20-44e7-9ffd-80a1c33992fa,87,-4.157918442,-69.9467171
7d5b4729-7f20-44e7-9ffd-80a1c33992fa,88,-4.157874662,-69.94663579
7d5b4729-7f20-44e7-9ffd-80a1c33992fa,89,-4.157816249,-69.94652731
7d5b4729-7f20-44e7-9ffd-80a1c33992fa,90,-4.157751198,-69.94643957
7d5b4729-7f20-44e7-9ffd-80a1c33992fa,91,-4.157622397,-69.94633278
7d5b4729-7f20-44e7-9ffd-80a1c33992fa,92,-4.157529348,-69.9462594
7d5b4729-7f20-44e7-9ffd-80a1c33992fa,93,-4.15740172,-69.94622132
7d5b4729-7f20-44e7-9ffd-80a1c33992fa,94,-4.157252635,-69.94617684
7d5b4729-7f20-44e7-9ffd-80a1c33992fa,95,-4.157167353,-69.9461514
7d5b4729-7f20-44e7-9ffd-80a1c33992fa,96,-4.157090123,-69.9461741
7d5b4729-7f20-44e7-9ffd-80a1c33992fa,97,-4.156906016,-69.94616498
7d5b4729-7f20-44e7-9ffd-80a1c33992fa,98,-4.156883112,-69.94608949
7d5b4729-7f20-44e7-9ffd-80a1c33992fa,99,-4.156908065,-69.94593669
7d5b4729-7f20-44e7-9ffd-80a1c33992fa,100,-4.156914685,-69.94591577
7d5b4729-7f20-44e7-9ffd-80a1c33992fa,101,-4.156967642,-69.94574842
7d5b4729-7f20-44e7-9ffd-80a1c33992fa,102,-4.15700074,-69.94564383
7d5b4729-7f20-44e7-9ffd-80a1c33992fa,103,-4.156971226,-69.94558914
7d5b4729-7f20-44e7-9ffd-80a1c33992fa,104,-4.156884144,-69.94549419
7d5b4729-7f20-44e7-9ffd-80a1c33992fa,105,-4.156881089,-69.94535569
7d5b4729-7f20-44e7-9ffd-80a1c33992fa,106,-4.157021167,-69.94528331
7d5b4729-7f20-44e7-9ffd-80a1c33992fa,107,-4.157098528,-69.94526084
7d5b4729-7f20-44e7-9ffd-80a1c33992fa,108,-4.157233267,-69.94527866
7d5b4729-7f20-44e7-9ffd-80a1c33992fa,109,-4.157382551,-69.9453238
7d5b4729-7f20-44e7-9ffd-80a1c33992fa,110,-4.157447938,-69.94541222
7d5b4729-7f20-44e7-9ffd-80a1c33992fa,111,-4.157505204,-69.9454524
7d5b4729-7f20-44e7-9ffd-80a1c33992fa,112,-4.157624789,-69.94544278
7d5b4729-7f20-44e7-9ffd-80a1c33992fa,113,-4.157687117,-69.94539303
7d5b4729-7f20-44e7-9ffd-80a1c33992fa,114,-4.157832931,-69.94530002
7d5b4729-7f20-44e7-9ffd-80a1c33992fa,115,-4.157985201,-69.94518626
7d5b4729-7f20-44e7-9ffd-80a1c33992fa,116,-4.158097765,-69.94519762
7d5b4729-7f20-44e7-9ffd-80a1c33992fa,117,-4.158133531,-69.94523133
7d5b4729-7f20-44e7-9ffd-80a1c33992fa,118,-4.158164091,-69.94535475
7d5b4729-7f20-44e7-9ffd-80a1c33992fa,119,-4.158228964,-69.94544287
7d5b4729-7f20-44e7-9ffd-80a1c33992fa,120,-4.158279232,-69.94550372
7d5b4729-7f20-44e7-9ffd-80a1c33992fa,121,-4.158378306,-69.94555651
7d5b4729-7f20-44e7-9ffd-80a1c33992fa,122,-4.158456181,-69.94560287
7d5b4729-7f20-44e7-9ffd-80a1c33992fa,123,-4.158465493,-69.94571959
7d5b4729-7f20-44e7-9ffd-80a1c33992fa,124,-4.158482743,-69.94588419
7d5b4729-7f20-44e7-9ffd-80a1c33992fa,125,-4.158493407,-69.94606948
7d5b4729-7f20-44e7-9ffd-80a1c33992fa,126,-4.15853693,-69.9461508
7d5b4729-7f20-44e7-9ffd-80a1c33992fa,127,-4.158592218,-69.94612191
7d5b4729-7f20-44e7-9ffd-80a1c33992fa,128,-4.158707957,-69.9459748
7d5b4729-7f20-44e7-9ffd-80a1c33992fa,129,-4.158817062,-69.94584852
7d5b4729-7f20-44e7-9ffd-80a1c33992fa,130,-4.158905085,-69.94571596
7d5b4729-7f20-44e7-9ffd-80a1c33992fa,131,-4.158952366,-69.94563932
7d5b4729-7f20-44e7-9ffd-80a1c33992fa,132,-4.15899176,-69.94551482
7d5b4729-7f20-44e7-9ffd-80a1c33992fa,133,-4.159081028,-69.94545099
7d5b4729-7f20-44e7-9ffd-80a1c33992fa,134,-4.159192516,-69.94546217
7d5b4729-7f20-44e7-9ffd-80a1c33992fa,135,-4.159248864,-69.94550203
7d5b4729-7f20-44e7-9ffd-80a1c33992fa,136,-4.159278952,-69.94562477
7d5b4729-7f20-44e7-9ffd-80a1c33992fa,137,-4.159322133,-69.94570599
7d5b4729-7f20-44e7-9ffd-80a1c33992fa,138,-4.159302468,-69.94576814
7d5b4729-7f20-44e7-9ffd-80a1c33992fa,139,-4.159284087,-69.94589877
7d5b4729-7f20-44e7-9ffd-80a1c33992fa,140,-4.159272262,-69.94600867
7d5b4729-7f20-44e7-9ffd-80a1c33992fa,141,-4.159239493,-69.94611223
7d5b4729-7f20-44e7-9ffd-80a1c33992fa,142,-4.159171368,-69.94618247
7d5b4729-7f20-44e7-9ffd-80a1c33992fa,143,-4.159109773,-69.94623201
7d5b4729-7f20-44e7-9ffd-80a1c33992fa,144,-4.159027174,-69.94627527
7d5b4729-7f20-44e7-9ffd-80a1c33992fa,145,-4.158937967,-69.94633929
7d5b4729-7f20-44e7-9ffd-80a1c33992fa,146,-4.158918286,-69.94640149
7d5b4729-7f20-44e7-9ffd-80a1c33992fa,147,-4.158927482,-69.94651771
7d5b4729-7f20-44e7-9ffd-80a1c33992fa,148,-4.158991759,-69.94660498
7d5b4729-7f20-44e7-9ffd-80a1c33992fa,149,-4.159055986,-69.94669218
7d5b4729-7f20-44e7-9ffd-80a1c33992fa,150,-4.159104463,-69.94668398
7d5b4729-7f20-44e7-9ffd-80a1c33992fa,151,-4.15919352,-69.94661994
7d5b4729-7f20-44e7-9ffd-80a1c33992fa,152,-4.159240661,-69.94654339
7d5b4729-7f20-44e7-9ffd-80a1c33992fa,153,-4.15936366,-69.9464443
7d5b4729-7f20-44e7-9ffd-80a1c33992fa,154,-4.159425124,-69.94639478
7d5b4729-7f20-44e7-9ffd-80a1c33992fa,155,-4.159480019,-69.94636597
7d5b4729-7f20-44e7-9ffd-80a1c33992fa,156,-4.159534893,-69.94633716
7d5b4729-7f20-44e7-9ffd-80a1c33992fa,157,-4.159734564,-69.94628405
7d5b4729-7f20-44e7-9ffd-80a1c33992fa,158,-4.159837553,-69.9462472
7d5b4729-7f20-44e7-9ffd-80a1c33992fa,159,-4.159920862,-69.94627232
7d5b4729-7f20-44e7-9ffd-80a1c33992fa,160,-4.159950644,-69.94639436
7d5b4729-7f20-44e7-9ffd-80a1c33992fa,161,-4.15995186,-69.94646255
7d5b4729-7f20-44e7-9ffd-80a1c33992fa,162,-4.159967349,-69.94655761
7d5b4729-7f20-44e7-9ffd-80a1c33992fa,163,-4.1599347,-69.9466608
7d5b4729-7f20-44e7-9ffd-80a1c33992fa,164,-4.159929387,-69.94674958
7d5b4729-7f20-44e7-9ffd-80a1c33992fa,165,-4.159890211,-69.9468734
7d5b4729-7f20-44e7-9ffd-80a1c33992fa,166,-4.159884903,-69.94696215
7d5b4729-7f20-44e7-9ffd-80a1c33992fa,167,-4.159852259,-69.94706531
7d5b4729-7f20-44e7-9ffd-80a1c33992fa,168,-4.159895091,-69.94714579
7d5b4729-7f20-44e7-9ffd-80a1c33992fa,169,-4.159972948,-69.94725919
7d5b4729-7f20-44e7-9ffd-80a1c33992fa,170,-4.159994938,-69.94733338
7d5b4729-7f20-44e7-9ffd-80a1c33992fa,171,-4.159968848,-69.94741583
7d5b4729-7f20-44e7-9ffd-80a1c33992fa,172,-4.159950494,-69.94754567
7d5b4729-7f20-44e7-9ffd-80a1c33992fa,173,-4.159924406,-69.94762812
7d5b4729-7f20-44e7-9ffd-80a1c33992fa,174,-4.159967173,-69.94770834
7d5b4729-7f20-44e7-9ffd-80a1c33992fa,175,-4.160030675,-69.94779465
7d5b4729-7f20-44e7-9ffd-80a1c33992fa,176,-4.16010716,-69.9478397
7d5b4729-7f20-44e7-9ffd-80a1c33992fa,177,-4.16016937,-69.94785803
7d5b4729-7f20-44e7-9ffd-80a1c33992fa,178,-4.160251078,-69.94781461
7d5b4729-7f20-44e7-9ffd-80a1c33992fa,179,-4.160345759,-69.94773007
7d5b4729-7f20-44e7-9ffd-80a1c33992fa,180,-4.160433878,-69.94766614
7d5b4729-7f20-44e7-9ffd-80a1c33992fa,181,-4.160536114,-69.94762894
7d5b4729-7f20-44e7-9ffd-80a1c33992fa,182,-4.160644773,-69.94757121
7d5b4729-7f20-44e7-9ffd-80a1c33992fa,183,-4.160705574,-69.94752181
7d5b4729-7f20-44e7-9ffd-80a1c33992fa,184,-4.160766351,-69.94747244
7d5b4729-7f20-44e7-9ffd-80a1c33992fa,185,-4.160868343,-69.94743535
7d5b4729-7f20-44e7-9ffd-80a1c33992fa,186,-4.160970257,-69.94739829
7d5b4729-7f20-44e7-9ffd-80a1c33992fa,187,-4.161105656,-69.94732635
7d5b4729-7f20-44e7-9ffd-80a1c33992fa,188,-4.161242013,-69.94732215
7d5b4729-7f20-44e7-9ffd-80a1c33992fa,189,-4.161406291,-69.9473712
7d5b4729-7f20-44e7-9ffd-80a1c33992fa,190,-4.161529337,-69.94740793
7d5b4729-7f20-44e7-9ffd-80a1c33992fa,191,-4.161590808,-69.94742628
7d5b4729-7f20-44e7-9ffd-80a1c33992fa,192,-4.161720119,-69.9474425
7d5b4729-7f20-44e7-9ffd-80a1c33992fa,193,-4.161849283,-69.94745869
7d5b4729-7f20-44e7-9ffd-80a1c33992fa,194,-4.161977287,-69.94740744
7d5b4729-7f20-44e7-9ffd-80a1c33992fa,195,-4.162064376,-69.94734402
7d5b4729-7f20-44e7-9ffd-80a1c33992fa,196,-4.162171801,-69.94728675
7d5b4729-7f20-44e7-9ffd-80a1c33992fa,197,-4.162252315,-69.94724382
7d5b4729-7f20-44e7-9ffd-80a1c33992fa,198,-4.162346681,-69.94722745
7d5b4729-7f20-44e7-9ffd-80a1c33992fa,199,-4.162467765,-69.94719681
7d5b4729-7f20-44e7-9ffd-80a1c33992fa,200,-4.162602593,-69.9471927
7d5b4729-7f20-44e7-9ffd-80a1c33992fa,201,-4.16266995,-69.94719065
7d5b4729-7f20-44e7-9ffd-80a1c33992fa,202,-4.16275755,-69.94719471
7d5b4729-7f20-44e7-9ffd-80a1c33992fa,203,-4.162946358,-69.94722929
7d5b4729-7f20-44e7-9ffd-80a1c33992fa,204,-4.163033747,-69.94723333
7d5b4729-7f20-44e7-9ffd-80a1c33992fa,205,-4.163114634,-69.94725771
7d5b4729-7f20-44e7-9ffd-80a1c33992fa,206,-4.163228525,-69.94724749
7d5b4729-7f20-44e7-9ffd-80a1c33992fa,207,-4.163315702,-69.94725152
7d5b4729-7f20-44e7-9ffd-80a1c33992fa,208,-4.163396384,-69.94727587
7d5b4729-7f20-44e7-9ffd-80a1c33992fa,209,-4.163483433,-69.94727988
7d5b4729-7f20-44e7-9ffd-80a1c33992fa,210,-4.163630793,-69.94730213
7d5b4729-7f20-44e7-9ffd-80a1c33992fa,211,-4.163737767,-69.9473122
7d5b4729-7f20-44e7-9ffd-80a1c33992fa,212,-4.16389121,-69.94731412
7d5b4729-7f20-44e7-9ffd-80a1c33992fa,213,-4.163984299,-69.94729785
7d5b4729-7f20-44e7-9ffd-80a1c33992fa,214,-4.16413021,-69.94725319
7d5b4729-7f20-44e7-9ffd-80a1c33992fa,215,-4.164203104,-69.94723088
7d5b4729-7f20-44e7-9ffd-80a1c33992fa,216,-4.164282363,-69.94718834
7d5b4729-7f20-44e7-9ffd-80a1c33992fa,217,-4.164407959,-69.94713773
7d5b4729-7f20-44e7-9ffd-80a1c33992fa,218,-4.164487101,-69.94709524
7d5b4729-7f20-44e7-9ffd-80a1c33992fa,219,-4.164566198,-69.94705278
7d5b4729-7f20-44e7-9ffd-80a1c33992fa,220,-4.164665196,-69.94701642
7d5b4729-7f20-44e7-9ffd-80a1c33992fa,221,-4.164810357,-69.94697204
7d5b4729-7f20-44e7-9ffd-80a1c33992fa,222,-4.164909171,-69.94693574
7d5b4729-7f20-44e7-9ffd-80a1c33992fa,223,-4.16493546,-69.94692162
7d5b4729-7f20-44e7-9ffd-80a1c33992fa,224,-4.16505406,-69.94689145
7d5b4729-7f20-44e7-9ffd-80a1c33992fa,225,-4.165205171,-69.94682702
7d5b4729-7f20-44e7-9ffd-80a1c33992fa,226,-4.165349733,-69.94678284
7d5b4729-7f20-44e7-9ffd-80a1c33992fa,227,-4.165500509,-69.94671854
7d5b4729-7f20-44e7-9ffd-80a1c33992fa,228,-4.165605182,-69.94666229
7d5b4729-7f20-44e7-9ffd-80a1c33992fa,229,-4.165716801,-69.94665245
7d5b4729-7f20-44e7-9ffd-80a1c33992fa,230,-4.165795187,-69.94661031
7d5b4729-7f20-44e7-9ffd-80a1c33992fa,231,-4.165880534,-69.94661453
7d5b4729-7f20-44e7-9ffd-80a1c33992fa,232,-4.165965818,-69.94661876
7d5b4729-7f20-44e7-9ffd-80a1c33992fa,233,-4.166077105,-69.94660895
7d5b4729-7f20-44e7-9ffd-80a1c33992fa,234,-4.166168603,-69.94659307
7d5b4729-7f20-44e7-9ffd-80a1c33992fa,235,-4.166260033,-69.9465772
7d5b4729-7f20-44e7-9ffd-80a1c33992fa,236,-4.166377402,-69.94654734
7d5b4729-7f20-44e7-9ffd-80a1c33992fa,237,-4.166449042,-69.94652542
7d5b4729-7f20-44e7-9ffd-80a1c33992fa,238,-4.166566237,-69.94649561
7d5b4729-7f20-44e7-9ffd-80a1c33992fa,239,-4.166637771,-69.94647372
7d5b4729-7f20-44e7-9ffd-80a1c33992fa,240,-4.166722513,-69.94647798
7d5b4729-7f20-44e7-9ffd-80a1c33992fa,241,-4.166826768,-69.94648832
7d5b4729-7f20-44e7-9ffd-80a1c33992fa,242,-4.16691137,-69.94649257
7d5b4729-7f20-44e7-9ffd-80a1c33992fa,243,-4.16698904,-69.94645068
7d5b4729-7f20-44e7-9ffd-80a1c33992fa,244,-4.167079338,-69.94636876
7d5b4729-7f20-44e7-9ffd-80a1c33992fa,245,-4.167111537,-69.94633478
7d5b4729-7f20-44e7-9ffd-80a1c33992fa,246,-4.167143212,-69.94623465
7d5b4729-7f20-44e7-9ffd-80a1c33992fa,247,-4.167168552,-69.94615455
7d5b4729-7f20-44e7-9ffd-80a1c33992fa,248,-4.167193892,-69.94607444
7d5b4729-7f20-44e7-9ffd-80a1c33992fa,249,-4.167212897,-69.94601436
7d5b4729-7f20-44e7-9ffd-80a1c33992fa,250,-4.167238236,-69.94593426
7d5b4729-7f20-44e7-9ffd-80a1c33992fa,251,-4.167263576,-69.94585415
7d5b4729-7f20-44e7-9ffd-80a1c33992fa,252,-4.167301586,-69.94573399
7d5b4729-7f20-44e7-9ffd-80a1c33992fa,253,-4.167339595,-69.94561384
7d5b4729-7f20-44e7-9ffd-80a1c33992fa,254,-4.167364935,-69.94553373
7d5b4729-7f20-44e7-9ffd-80a1c33992fa,255,-4.167351266,-69.9454413
7d5b4729-7f20-44e7-9ffd-80a1c33992fa,256,-4.167382946,-69.94534115
7d5b4729-7f20-44e7-9ffd-80a1c33992fa,257,-4.167414626,-69.945241
7d5b4729-7f20-44e7-9ffd-80a1c33992fa,258,-4.167362441,-69.9452024
7d5b4729-7f20-44e7-9ffd-80a1c33992fa,259,-4.167284869,-69.94524395
7d5b4729-7f20-44e7-9ffd-80a1c33992fa,260,-4.167207253,-69.94528552
7d5b4729-7f20-44e7-9ffd-80a1c33992fa,261,-4.167110043,-69.94532092
7d5b4729-7f20-44e7-9ffd-80a1c33992fa,262,-4.167025983,-69.9453826
7d5b4729-7f20-44e7-9ffd-80a1c33992fa,263,-4.166922294,-69.94543813
7d5b4729-7f20-44e7-9ffd-80a1c33992fa,264,-4.166824878,-69.94547363
7d5b4729-7f20-44e7-9ffd-80a1c33992fa,265,-4.166746449,-69.94544891
7d5b4729-7f20-44e7-9ffd-80a1c33992fa,266,-4.166674316,-69.94540408
7d5b4729-7f20-44e7-9ffd-80a1c33992fa,267,-4.166575554,-69.94530663
7d5b4729-7f20-44e7-9ffd-80a1c33992fa,268,-4.166483626,-69.9452555
7d5b4729-7f20-44e7-9ffd-80a1c33992fa,269,-4.166430973,-69.94521675
7d5b4729-7f20-44e7-9ffd-80a1c33992fa,270,-4.166325581,-69.94513919
7d5b4729-7f20-44e7-9ffd-80a1c33992fa,271,-4.166266472,-69.94512051
7d5b4729-7f20-44e7-9ffd-80a1c33992fa,272,-4.166167884,-69.94508936
7d5b4729-7f20-44e7-9ffd-80a1c33992fa,273,-4.166088948,-69.94506441
7d5b4729-7f20-44e7-9ffd-80a1c33992fa,274,-4.165990194,-69.9450332
7d5b4729-7f20-44e7-9ffd-80a1c33992fa,275,-4.165937277,-69.9449943
7d5b4729-7f20-44e7-9ffd-80a1c33992fa,276,-4.16588433,-69.94495538
7d5b4729-7f20-44e7-9ffd-80a1c33992fa,277,-4.165797501,-69.94481692
7d5b4729-7f20-44e7-9ffd-80a1c33992fa,278,-4.165743818,-69.94471107
7d5b4729-7f20-44e7-9ffd-80a1c33992fa,279,-4.165736778,-69.94466441
7d5b4729-7f20-44e7-9ffd-80a1c33992fa,280,-4.165683048,-69.94455845
7d5b4729-7f20-44e7-9ffd-80a1c33992fa,281,-4.165609437,-69.94444611
7d5b4729-7f20-44e7-9ffd-80a1c33992fa,282,-4.165615164,-69.94435896
7d5b4729-7f20-44e7-9ffd-80a1c33992fa,283,-4.165640736,-69.94427812
7d5b4729-7f20-44e7-9ffd-80a1c33992fa,284,-4.165698932,-69.94416321
7d5b4729-7f20-44e7-9ffd-80a1c33992fa,285,-4.165796763,-69.94406102
7d5b4729-7f20-44e7-9ffd-80a1c33992fa,286,-4.165842142,-69.94398657
7d5b4729-7f20-44e7-9ffd-80a1c33992fa,287,-4.165920095,-69.94387811
7d5b4729-7f20-44e7-9ffd-80a1c33992fa,288,-4.165991632,-69.94378987
7d5b4729-7f20-44e7-9ffd-80a1c33992fa,289,-4.166063142,-69.94370167
7d5b4729-7f20-44e7-9ffd-80a1c33992fa,290,-4.166095074,-69.94360073
7d5b4729-7f20-44e7-9ffd-80a1c33992fa,291,-4.166134009,-69.94354656
7d5b4729-7f20-44e7-9ffd-80a1c33992fa,292,-4.166198478,-69.94341167
7d5b4729-7f20-44e7-9ffd-80a1c33992fa,293,-4.166230404,-69.94331075
7d5b4729-7f20-44e7-9ffd-80a1c33992fa,294,-4.166301842,-69.94322267
7d5b4729-7f20-44e7-9ffd-80a1c33992fa,295,-4.166327378,-69.94314195
7d5b4729-7f20-44e7-9ffd-80a1c33992fa,296,-4.166319797,-69.94302817
7d5b4729-7f20-44e7-9ffd-80a1c33992fa,297,-4.166254129,-69.94302904
7d5b4729-7f20-44e7-9ffd-80a1c33992fa,298,-4.166070938,-69.94312534
7d5b4729-7f20-44e7-9ffd-80a1c33992fa,299,-4.165999376,-69.9432135
7d5b4729-7f20-44e7-9ffd-80a1c33992fa,300,-4.165934181,-69.94328148
7d5b4729-7f20-44e7-9ffd-80a1c33992fa,301,-4.165888786,-69.9433559
7d5b4729-7f20-44e7-9ffd-80a1c33992fa,302,-4.165817157,-69.94344415
7d5b4729-7f20-44e7-9ffd-80a1c33992fa,303,-4.165772389,-69.94358566
7d5b4729-7f20-44e7-9ffd-80a1c33992fa,304,-4.165700724,-69.94367396
7d5b4729-7f20-44e7-9ffd-80a1c33992fa,305,-4.165655286,-69.94374846
7d5b4729-7f20-44e7-9ffd-80a1c33992fa,306,-4.165583579,-69.94383681
7d5b4729-7f20-44e7-9ffd-80a1c33992fa,307,-4.165544516,-69.94389112
7d5b4729-7f20-44e7-9ffd-80a1c33992fa,308,-4.165439403,-69.94394656
7d5b4729-7f20-44e7-9ffd-80a1c33992fa,309,-4.165341306,-69.94404889
7d5b4729-7f20-44e7-9ffd-80a1c33992fa,310,-4.165249559,-69.94413103
7d5b4729-7f20-44e7-9ffd-80a1c33992fa,311,-4.165164168,-69.94419296
7d5b4729-7f20-44e7-9ffd-80a1c33992fa,312,-4.165097955,-69.94419416
7d5b4729-7f20-44e7-9ffd-80a1c33992fa,313,-4.164978968,-69.94422318
7d5b4729-7f20-44e7-9ffd-80a1c33992fa,314,-4.164919067,-69.94420411
7d5b4729-7f20-44e7-9ffd-80a1c33992fa,315,-4.164799163,-69.94416594
7d5b4729-7f20-44e7-9ffd-80a1c33992fa,316,-4.164758418,-69.94408597
7d5b4729-7f20-44e7-9ffd-80a1c33992fa,317,-4.164664771,-69.94403379
7d5b4729-7f20-44e7-9ffd-80a1c33992fa,318,-4.16456461,-69.94400187
7d5b4729-7f20-44e7-9ffd-80a1c33992fa,319,-4.164471559,-69.94401694
7d5b4729-7f20-44e7-9ffd-80a1c33992fa,320,-4.16440494,-69.94401809
7d5b4729-7f20-44e7-9ffd-80a1c33992fa,321,-4.164284455,-69.94397972
7d5b4729-7f20-44e7-9ffd-80a1c33992fa,322,-4.164183946,-69.94394772
7d5b4729-7f20-44e7-9ffd-80a1c33992fa,323,-4.164064027,-69.94397675
7d5b4729-7f20-44e7-9ffd-80a1c33992fa,324,-4.164037453,-69.9439907
7d5b4729-7f20-44e7-9ffd-80a1c33992fa,325,-4.163904512,-69.94406049
7d5b4729-7f20-44e7-9ffd-80a1c33992fa,326,-4.163818242,-69.94412276
7d5b4729-7f20-44e7-9ffd-80a1c33992fa,327,-4.163731077,-69.94411755
7d5b4729-7f20-44e7-9ffd-80a1c33992fa,328,-4.163589669,-69.94407273
7d5b4729-7f20-44e7-9ffd-80a1c33992fa,329,-4.163515234,-69.94402669
7d5b4729-7f20-44e7-9ffd-80a1c33992fa,330,-4.163460986,-69.94398704
7d5b4729-7f20-44e7-9ffd-80a1c33992fa,331,-4.163406706,-69.94394737
7d5b4729-7f20-44e7-9ffd-80a1c33992fa,332,-4.163284243,-69.94384109
7d5b4729-7f20-44e7-9ffd-80a1c33992fa,333,-4.163202211,-69.94374758
7d5b4729-7f20-44e7-9ffd-80a1c33992fa,334,-4.163160715,-69.9436669
7d5b4729-7f20-44e7-9ffd-80a1c33992fa,335,-4.163078563,-69.94357324
7d5b4729-7f20-44e7-9ffd-80a1c33992fa,336,-4.163010197,-69.94350642
7d5b4729-7f20-44e7-9ffd-80a1c33992fa,337,-4.162934379,-69.94339214
7d5b4729-7f20-44e7-9ffd-80a1c33992fa,338,-4.162818684,-69.94333267
7d5b4729-7f20-44e7-9ffd-80a1c33992fa,339,-4.16271677,-69.94330013
7d5b4729-7f20-44e7-9ffd-80a1c33992fa,340,-4.162554469,-69.94331603
7d5b4729-7f20-44e7-9ffd-80a1c33992fa,341,-4.162446797,-69.94337201
7d5b4729-7f20-44e7-9ffd-80a1c33992fa,342,-4.162379951,-69.94344103
7d5b4729-7f20-44e7-9ffd-80a1c33992fa,343,-4.162319571,-69.94348957
7d5b4729-7f20-44e7-9ffd-80a1c33992fa,344,-4.162266651,-69.94358566
7d5b4729-7f20-44e7-9ffd-80a1c33992fa,345,-4.162234192,-69.94368826
7d5b4729-7f20-44e7-9ffd-80a1c33992fa,346,-4.162188749,-69.94383189
7d5b4729-7f20-44e7-9ffd-80a1c33992fa,347,-4.162149798,-69.943955
7d5b4729-7f20-44e7-9ffd-80a1c33992fa,348,-4.162117338,-69.9440576
7d5b4729-7f20-44e7-9ffd-80a1c33992fa,349,-4.162084879,-69.94416019
7d5b4729-7f20-44e7-9ffd-80a1c33992fa,350,-4.162052419,-69.94426278
7d5b4729-7f20-44e7-9ffd-80a1c33992fa,351,-4.162054441,-69.94439873
7d5b4729-7f20-44e7-9ffd-80a1c33992fa,352,-4.162048961,-69.9444872
7d5b4729-7f20-44e7-9ffd-80a1c33992fa,353,-4.162024014,-69.94463718
7d5b4729-7f20-44e7-9ffd-80a1c33992fa,354,-4.161985076,-69.94476025
7d5b4729-7f20-44e7-9ffd-80a1c33992fa,355,-4.161952629,-69.94486281
7d5b4729-7f20-44e7-9ffd-80a1c33992fa,356,-4.161967644,-69.94495758
7d5b4729-7f20-44e7-9ffd-80a1c33992fa,357,-4.161922226,-69.94510113
7d5b4729-7f20-44e7-9ffd-80a1c33992fa,358,-4.161857342,-69.94530621
7d5b4729-7f20-44e7-9ffd-80a1c33992fa,359,-4.161797913,-69.94542294
7d5b4729-7f20-44e7-9ffd-80a1c33992fa,360,-4.161716919,-69.94546553
7d5b4729-7f20-44e7-9ffd-80a1c33992fa,361,-4.161595868,-69.9455634
7d5b4729-7f20-44e7-9ffd-80a1c33992fa,362,-4.161514763,-69.94560606
7d5b4729-7f20-44e7-9ffd-80a1c33992fa,363,-4.161406551,-69.94566298
7d5b4729-7f20-44e7-9ffd-80a1c33992fa,364,-4.161352414,-69.94569146
7d5b4729-7f20-44e7-9ffd-80a1c33992fa,365,-4.161216981,-69.9457627
7d5b4729-7f20-44e7-9ffd-80a1c33992fa,366,-4.161027158,-69.94586254
7d5b4729-7f20-44e7-9ffd-80a1c33992fa,367,-4.160843592,-69.94594194
7d5b4729-7f20-44e7-9ffd-80a1c33992fa,368,-4.160701158,-69.94603402
7d5b4729-7f20-44e7-9ffd-80a1c33992fa,369,-4.160558587,-69.94612618
7d5b4729-7f20-44e7-9ffd-80a1c33992fa,370,-4.160470371,-69.94618976
7d5b4729-7f20-44e7-9ffd-80a1c33992fa,371,-4.160423569,-69.94626591
7d5b4729-7f20-44e7-9ffd-80a1c33992fa,372,-4.16029913,-69.94622829
7d5b4729-7f20-44e7-9ffd-80a1c33992fa,373,-4.160229144,-69.94616194
7d5b4729-7f20-44e7-9ffd-80a1c33992fa,374,-4.160192939,-69.94606057
7d5b4729-7f20-44e7-9ffd-80a1c33992fa,375,-4.160177497,-69.94596544
7d5b4729-7f20-44e7-9ffd-80a1c33992fa,376,-4.160134729,-69.9458846
7d5b4729-7f20-44e7-9ffd-80a1c33992fa,377,-4.160071134,-69.94579739
7d5b4729-7f20-44e7-9ffd-80a1c33992fa,378,-4.160000954,-69.94573078
7d5b4729-7f20-44e7-9ffd-80a1c33992fa,379,-4.159930721,-69.94566411
7d5b4729-7f20-44e7-9ffd-80a1c33992fa,380,-4.159950336,-69.94560211
7d5b4729-7f20-44e7-9ffd-80a1c33992fa,381,-4.15997649,-69.94551946
7d5b4729-7f20-44e7-9ffd-80a1c33992fa,382,-4.160028797,-69.94535414
7d5b4729-7f20-44e7-9ffd-80a1c33992fa,383,-4.160081105,-69.94518883
7d5b4729-7f20-44e7-9ffd-80a1c33992fa,384,-4.160072155,-69.94507271
7d5b4729-7f20-44e7-9ffd-80a1c33992fa,385,-4.160008451,-69.94498508
7d5b4729-7f20-44e7-9ffd-80a1c33992fa,386,-4.159904208,-69.94495301
7d5b4729-7f20-44e7-9ffd-80a1c33992fa,387,-4.159758101,-69.94490808
7d5b4729-7f20-44e7-9ffd-80a1c33992fa,388,-4.159647065,-69.94489665
7d5b4729-7f20-44e7-9ffd-80a1c33992fa,389,-4.159577771,-69.94489808
7d5b4729-7f20-44e7-9ffd-80a1c33992fa,390,-4.159446891,-69.94494881
7d5b4729-7f20-44e7-9ffd-80a1c33992fa,391,-4.159357807,-69.94501245
7d5b4729-7f20-44e7-9ffd-80a1c33992fa,392,-4.15922672,-69.94506328
7d5b4729-7f20-44e7-9ffd-80a1c33992fa,393,-4.159137503,-69.945127
7d5b4729-7f20-44e7-9ffd-80a1c33992fa,394,-4.159019346,-69.94513641
7d5b4729-7f20-44e7-9ffd-80a1c33992fa,395,-4.158886608,-69.94511864
7d5b4729-7f20-44e7-9ffd-80a1c33992fa,396,-4.158808988,-69.94507215
7d5b4729-7f20-44e7-9ffd-80a1c33992fa,397,-4.158744463,-69.94498405
7d5b4729-7f20-44e7-9ffd-80a1c33992fa,398,-4.158715471,-69.94492959
7d5b4729-7f20-44e7-9ffd-80a1c33992fa,399,-4.158685122,-69.94480625
7d5b4729-7f20-44e7-9ffd-80a1c33992fa,400,-4.158690358,-69.9447166
7d5b4729-7f20-44e7-9ffd-80a1c33992fa,401,-4.158723261,-69.94461261
7d5b4729-7f20-44e7-9ffd-80a1c33992fa,402,-4.158728501,-69.94452293
7d5b4729-7f20-44e7-9ffd-80a1c33992fa,403,-4.158761407,-69.94441894
7d5b4729-7f20-44e7-9ffd-80a1c33992fa,404,-4.158800895,-69.94429414
7d5b4729-7f20-44e7-9ffd-80a1c33992fa,405,-4.158846964,-69.94414855
7d5b4729-7f20-44e7-9ffd-80a1c33992fa,406,-4.15887987,-69.94404456
7d5b4729-7f20-44e7-9ffd-80a1c33992fa,407,-4.158927262,-69.94396791
7d5b4729-7f20-44e7-9ffd-80a1c33992fa,408,-4.158966745,-69.94384312
7d5b4729-7f20-44e7-9ffd-80a1c33992fa,409,-4.158999648,-69.94373914
7d5b4729-7f20-44e7-9ffd-80a1c33992fa,410,-4.159011494,-69.94362858
7d5b4729-7f20-44e7-9ffd-80a1c33992fa,411,-4.158906151,-69.94359568
7d5b4729-7f20-44e7-9ffd-80a1c33992fa,412,-4.158794119,-69.94358356
7d5b4729-7f20-44e7-9ffd-80a1c33992fa,413,-4.158717623,-69.94360544
7d5b4729-7f20-44e7-9ffd-80a1c33992fa,414,-4.158544718,-69.94371174
7d5b4729-7f20-44e7-9ffd-80a1c33992fa,415,-4.158329262,-69.94380502
7d5b4729-7f20-44e7-9ffd-80a1c33992fa,416,-4.158204906,-69.94390386
7d5b4729-7f20-44e7-9ffd-80a1c33992fa,417,-4.158093662,-69.94396105
7d5b4729-7f20-44e7-9ffd-80a1c33992fa,418,-4.158031402,-69.94401053
7d5b4729-7f20-44e7-9ffd-80a1c33992fa,419,-4.157969119,-69.94406003
7d5b4729-7f20-44e7-9ffd-80a1c33992fa,420,-4.157878952,-69.94412387
7d5b4729-7f20-44e7-9ffd-80a1c33992fa,421,-4.157780684,-69.94413942
7d5b4729-7f20-44e7-9ffd-80a1c33992fa,422,-4.15771024,-69.94414064
7d5b4729-7f20-44e7-9ffd-80a1c33992fa,423,-4.157597152,-69.94412873
7d5b4729-7f20-44e7-9ffd-80a1c33992fa,424,-4.157490574,-69.9440959
7d5b4729-7f20-44e7-9ffd-80a1c33992fa,425,-4.157383893,-69.94406303
7d5b4729-7f20-44e7-9ffd-80a1c33992fa,426,-4.157311723,-69.94399484
7d5b4729-7f20-44e7-9ffd-80a1c33992fa,427,-4.157231376,-69.94387811
7d5b4729-7f20-44e7-9ffd-80a1c33992fa,428,-4.157159084,-69.94380979
7d5b4729-7f20-44e7-9ffd-80a1c33992fa,429,-4.157100003,-69.9436995
7d5b4729-7f20-44e7-9ffd-80a1c33992fa,430,-4.157027605,-69.94363106
7d5b4729-7f20-44e7-9ffd-80a1c33992fa,431,-4.157012815,-69.94360345
7d5b4729-7f20-44e7-9ffd-80a1c33992fa,432,-4.156618228,-69.94343513
