AppUser_ID,Employer_AppUser_ID
37396a40-f156-11eb-9a03-02421c130003,
5f7a0a34-f159-11eb-9a03-02422c130003,
571355f2-f15a-11eb-9a03-02423c130003,
37396a40-f156-11eb-9a03-02424c130003,
37396a41-f156-11eb-9a03-03325c130003,
61ab5abf-7b22-49e3-9732-350cc3e7c707,
61ab5bbf-7b22-49e3-9732-350cc3e7c707,
61ab5cbf-7b22-49e3-9732-350cc3e7c707,048c4e1a-004b-11ec-9a03-0242ac130003
61ab5dbf-7b22-49e3-9732-350cc3e7c707,048c4e1a-004b-11ec-9a03-0242ac130003
61ab5ebf-7b22-49e3-9732-350cc3e7c707,048c4e1a-004b-11ec-9a03-0242ac130003
